"COD_VAR";"LIB_VAR";"COD_MOD";"LIB_MOD"
"ACCOUNTING_ENTRY";"Position de compte";"C";"Ressource ou crédit"
"ACCOUNTING_ENTRY";"Position de compte";"D";"Emploi ou débit"
"ACCOUNTING_ENTRY";"Position de compte";"B";"Solde"
"ACCOUNTING_ENTRY";"Position de compte";"_Z";"Non applicable"
"ACTIVITY";"Activité économique";"_T";"Total"
"CONF_STATUS";"Statut de confidentialité";"F";"Diffusable"
"COUNTERPART_AREA";"Zone de contrepartie";"W0";"Monde"
"COUNTERPART_AREA";"Zone de contrepartie";"W1";"Reste du monde"
"COUNTERPART_AREA";"Zone de contrepartie";"D0";"Hors Union Européenne"
"COUNTERPART_AREA";"Zone de contrepartie";"W2";"Territoire national"
"COUNTERPART_AREA";"Zone de contrepartie";"W08";"Intérieur vis-à-vis du monde plus reste du monde vis-à-vis de l'intérieur"
"COUNTERPART_AREA";"Zone de contrepartie";"B0";"Union Européenne (Etats membres et institutions)"
"COUNTERPART_AREA";"Zone de contrepartie";"U2";"Zone euro (Etats membres et institutions) "
"COUNTERPART_AREA";"Zone de contrepartie";"4Y";"Institutions de l’Union Européenne"
"COUNTERPART_AREA";"Zone de contrepartie";"B01";"Pays de l’Union Européenne participant au mécanisme de surveillance unique"
"COUNTERPART_AREA";"Zone de contrepartie";"I9";"Pays membres de la Zone Euro (composition fixe, au 1er janvier 2023)"
"COUNTERPART_AREA";"Zone de contrepartie";"K11";"Pays membres de l’Union Européenne et hors de la Zone Euro (composition fixe, au 1er janvier 2023)"
"COUNTERPART_AREA";"Zone de contrepartie";"D6";"Pays hors pays membres de l’Union Européenne (composition fixe, au 31 janvier 2020,  post brexit)"
"COUNTERPART_AREA";"Zone de contrepartie";"B6";"Pays membres de l’Union Européenne (composition fixe, au 31 janvier 2020, post brexit)"
"COUNTERPART_AREA";"Zone de contrepartie";"J9";"Pays hors pays membres de la Zone Euro (composition fixe, au 1er janvier 2023)"
"DECIMALS";"Décimales";"1";"Un"
"DECIMALS";"Décimales";"3";"Trois"
"EXPENDITURE";"Type de dépense de consommation";"_Z";"Total"
"EXPENDITURE";"Type de dépense de consommation";"CP1112";"Cantines, cafétérias et réfectoires (S)"
"EXPENDITURE";"Type de dépense de consommation";"CP04";"Logement, eau, gaz, électricité et autres combustibles"
"EXPENDITURE";"Type de dépense de consommation";"CP121P_122";"Assurances (hors assurance-vie) et services financiers"
"EXPENDITURE";"Type de dépense de consommation";"CP083";"Services d’information et de communication"
"EXPENDITURE";"Type de dépense de consommation";"CPDEP";"Dépense de consommation des ménages"
"EXPENDITURE";"Type de dépense de consommation";"CPDPE";"Dépense de consommation finale pré-engagée"
"EXPENDITURE";"Type de dépense de consommation";"CPHDPE";"Dépense de consommation autre que pré-engagée"
"FREQ";"Fréquence";"A";"Annuel"
"INSTR_ASSET";"Classe d'actifs passifs";"_Z";"Total"
"INSTR_ASSET";"Classe d'actifs passifs";"N1G";"Actifs non financiers produits (brut)"
"INSTR_ASSET";"Classe d'actifs passifs";"N11G";"Actifs fixes par type d’actifs (brut)"
"INSTR_ASSET";"Classe d'actifs passifs";"N111G";"Logements (brut)"
"INSTR_ASSET";"Classe d'actifs passifs";"N112G";"Autres bâtiments et ouvrages de génie civil (brut)"
"INSTR_ASSET";"Classe d'actifs passifs";"N1131G";"Matériels de transport (brut)"
"INSTR_ASSET";"Classe d'actifs passifs";"N1132G";"Équipements TIC (brut)"
"INSTR_ASSET";"Classe d'actifs passifs";"N115G";"Ressources biologiques cultivées (brut)"
"INSTR_ASSET";"Classe d'actifs passifs";"N117G";"Droits de propriété intellectuelle (brut)"
"INSTR_ASSET";"Classe d'actifs passifs";"N11MG";"Machines et équipement + systèmes d’armes (N113 + N114) (brut)"
"INSTR_ASSET";"Classe d'actifs passifs";"N11OG";"Autres machines et équipements + systèmes d’armes (N1139+N114) (brut)"
"INSTR_ASSET";"Classe d'actifs passifs";"N11N";"Actifs fixes par type d’actifs (net)"
"OBS_STATUS";"Statut de l'observation";"P";"Valeur provisoire"
"OBS_STATUS";"Statut de l'observation";"A";"Normale"
"OBS_STATUS";"Statut de l'observation";"L";"Valeur manquante : les données existent mais ne sont pas collectées (non disponible : nd)"
"OBS_STATUS";"Statut de l'observation";"M";"Valeur manquante : les données n’existent pas (sans objet : so)"
"OBS_STATUS_FR";"Version";"PROV";"Provisoire"
"OBS_STATUS_FR";"Version";"SD";"Semi-définitif"
"OBS_STATUS_FR";"Version";"D";"Définitif"
"PRICES";"Valorisation des prix";"V";"En valeur aux prix courants"
"PRICES";"Valorisation des prix";"D";"Déflateur"
"PRICES";"Valorisation des prix";"Y";"Aux prix de l’année précédente"
"PRICES";"Valorisation des prix";"L";"En volume aux prix de l’année précédente chaînés"
"PRICES";"Valorisation des prix";"_Z";"Non applicable"
"PRICES";"Valorisation des prix";"U";"Au coût de remplacement"
"PRICES";"Valorisation des prix";"O";"Au coût de remplacement de l’année précédente"
"PRICES";"Valorisation des prix";"LFA";"En volume aux prix de l’année précédente (fin d’année) chaînés"
"PRODUCT";"Produit";"_T";"Total"
"REF_SECTOR";"Secteur institutionnel";"S1";"Économie totale"
"REF_SECTOR";"Secteur institutionnel";"S13";"Administrations publiques"
"REF_SECTOR";"Secteur institutionnel";"S14";"Ménages"
"REF_SECTOR";"Secteur institutionnel";"S14B";"Ménages hors entrepreneurs individuels"
"REF_SECTOR";"Secteur institutionnel";"S15";"Institutions sans but lucratif au services des ménages"
"REF_SECTOR";"Secteur institutionnel";"S11X14AA";"Sociétés et entreprises individuelles non financières"
"REF_SECTOR";"Secteur institutionnel";"S11";"Sociétés non financières"
"REF_SECTOR";"Secteur institutionnel";"S12X14AF";"Sociétés et entreprises individuelles financières"
"REF_SECTOR";"Secteur institutionnel";"S13112";"Organismes divers d’administration centrale"
"REF_SECTOR";"Secteur institutionnel";"S12";"Sociétés financières"
"REF_SECTOR";"Secteur institutionnel";"S1313";"Administrations locales (à l’exclusion de la sécurité sociale)"
"REF_SECTOR";"Secteur institutionnel";"S1311";"Administration centrale (à l’exclusion de la sécurité sociale)"
"REF_SECTOR";"Secteur institutionnel";"S1314";"Administrations de sécurité sociale"
"REF_SECTOR";"Secteur institutionnel";"S13111";"État"
"REF_SECTOR";"Secteur institutionnel";"S14AA";"Entreprises individuelles non financières"
"REF_SECTOR";"Secteur institutionnel";"S1M";"Ménages et institutions sans but lucratif au services des ménages"
"REF_SECTOR";"Secteur institutionnel";"S1L";"APU, ménages et institutions sans but lucratif au services des ménages"
"REF_SECTOR";"Secteur institutionnel";"S12K64";"Sociétés financières : services principalement financiers, hors assurance"
"REF_SECTOR";"Secteur institutionnel";"S12K66";"Sociétés financières : services principalement d’auxiliaires financiers"
"REF_SECTOR";"Secteur institutionnel";"S12K65";"Sociétés financières : services principalement d’assurance"
"REF_SECTOR";"Secteur institutionnel";"_Z";"Non pertinent"
"REF_SECTOR";"Secteur institutionnel";"SBS";"Biens et services"
"REF_SECTOR";"Secteur institutionnel";"S10";"Total des secteurs résidents"
"REF_SECTOR";"Secteur institutionnel";"SZV";"Administrations publiques et institutions et organes de l’Union européenne"
"REF_SECTOR";"Secteur institutionnel";"S1N";"Non sectorisé"
"REF_SECTOR";"Secteur institutionnel";"S1312";"Administration d’états fédérés (à l’exclusion de la sécurité sociale)"
"REF_SECTOR";"Secteur institutionnel";"S2";"Reste du monde"
"REF_SECTOR";"Secteur institutionnel";"SZU";"Institutions de l’Union Européenne"
"REF_YEAR_PRICE";"Année de référence de l'indice de prix";"2020";"2020"
"STO";"Opération comptable";"P1";"Production"
"STO";"Opération comptable";"P2";"Consommation intermédiaire"
"STO";"Opération comptable";"D1";"Rémunération des salariés"
"STO";"Opération comptable";"B1G";"Valeur ajoutée brute"
"STO";"Opération comptable";"D11";"Salaires et traitements bruts"
"STO";"Opération comptable";"B2A3G";"Excédent brut d’exploitation et revenu mixte brut"
"STO";"Opération comptable";"P31";"Dépense de consommation individuelle"
"STO";"Opération comptable";"B2G";"Excédent brut d’exploitation"
"STO";"Opération comptable";"P32";"Dépense de consommation collective"
"STO";"Opération comptable";"P4";"Consommation finale effective"
"STO";"Opération comptable";"P51G";"Formation brute de capital fixe"
"STO";"Opération comptable";"P52";"Variation des stocks"
"STO";"Opération comptable";"_TC";"Taux de couverture"
"STO";"Opération comptable";"P6";"Exportations de biens et services"
"STO";"Opération comptable";"P7";"Importations de biens et services"
"STO";"Opération comptable";"B11";"Solde des échanges extérieurs de biens et services"
"STO";"Opération comptable";"P3";"Dépense de consommation finale"
"STO";"Opération comptable";"_TI";"Taux d’investissement"
"STO";"Opération comptable";"P53";"Acquisitions moins cessions d’objets de valeur"
"STO";"Opération comptable";"_REM";"Rémunérations des salariés / valeur ajoutée brute"
"STO";"Opération comptable";"D121";"Cotisations sociales effectives à la charge des employeurs"
"STO";"Opération comptable";"D21";"Impôts sur les produits"
"STO";"Opération comptable";"D122";"Cotisations sociales imputées à la charge des employeurs"
"STO";"Opération comptable";"_IMP";"Impôts sur la production / valeur ajoutée brute"
"STO";"Opération comptable";"D29";"Autres impôts sur la production"
"STO";"Opération comptable";"D291";"Impôts sur les salaires et la main d’œuvre"
"STO";"Opération comptable";"D2";"Impôts sur la production et les importations"
"STO";"Opération comptable";"D292";"Impôts divers sur la production"
"STO";"Opération comptable";"D3";"Subventions"
"STO";"Opération comptable";"D31";"Subventions sur les produits"
"STO";"Opération comptable";"D39";"Autres subventions sur la production"
"STO";"Opération comptable";"TS_CE";"Total des emplois "
"STO";"Opération comptable";"TC_CE";"Total des charges"
"STO";"Opération comptable";"TU_CE";"Total des ressources"
"STO";"Opération comptable";"B1GQ";"Produit intérieur brut"
"STO";"Opération comptable";"_PART_VAENF";"Part de la valeur ajoutée des ei dans la valeur ajoutée totale des enf"
"STO";"Opération comptable";"_TM1";"Taux de marge"
"STO";"Opération comptable";"B3G";"Revenu mixte brut"
"STO";"Opération comptable";"_REVENU";"Revenu mixte brut des ei / excédent brut d’exploitation et revenu mixte brut des enf"
"STO";"Opération comptable";"_TM2";"Taux de marge"
"STO";"Opération comptable";"B5GQ";"Revenu national brut"
"STO";"Opération comptable";"_RNB_HABITANT";"Revenu national brut par habitant"
"STO";"Opération comptable";"B6GQ";"Revenu national disponible brut"
"STO";"Opération comptable";"_TAF";"Taux d’autofinancement"
"STO";"Opération comptable";"_TX_EE";"Taux d’épargne des entreprises"
"STO";"Opération comptable";"B9";"Capacité (+) ou besoin (-) de financement"
"STO";"Opération comptable";"_CANTINE_REVENU";"Part des cantines dans le revenu disponible brut"
"STO";"Opération comptable";"_DEP_LOGT_REVENU";"Part de la dépense liée au logement dans le revenu disponible brut"
"STO";"Opération comptable";"_ASSUR_REVENU";"Part des assurances (hors assurance-vie) et services financiers dans le revenu disponible brut"
"STO";"Opération comptable";"_TELE_REVENU";"Part des services de télévision et de télécommunications dans le revenu disponible brut"
"STO";"Opération comptable";"_DEP_REVENU";"Part de la dépense pré-engagée dans le revenu disponible brut"
"STO";"Opération comptable";"_DEP_CONSO";"Part de la dépense pré-engagée dans la dépense de consommation finale des ménages"
"STO";"Opération comptable";"_COEFF_BUDG";"Coefficient budgétaire"
"STO";"Opération comptable";"_COEFF_BUDG_P31";"Coefficient budgétaire"
"STO";"Opération comptable";"EMP";"Emploi total (peut être en personnes physiques, équivalent temps plein ou en heures travaillées)"
"STO";"Opération comptable";"_PHT";"Productivité horaire du travail (pht)"
"STO";"Opération comptable";"SELF";"Emploi des travailleurs indépendants dans les unités de production résidentes (peut être en personnes physiques, équivalent temps plein ou en heures travaillées)"
"STO";"Opération comptable";"SAL";"Emploi des salariés dans les unités de production résidentes (peut être en personnes physiques, équivalent temps plein ou en heures travaillées)"
"STO";"Opération comptable";"SALD";"Emploi déclaré des salariés dans les unités de production résidentes (peut être en personnes physiques, équivalent temps plein ou en heures travaillées)"
"STO";"Opération comptable";"P1O";"Production marchande, production pour emploi final propre et paiements au titre de la production non marchande"
"STO";"Opération comptable";"P1M";"Production marchande et production pour usage final propre"
"STO";"Opération comptable";"P131";"Paiements au titre de la production non marchande"
"STO";"Opération comptable";"P132";"Autre production non marchande"
"STO";"Opération comptable";"P5M";"Variation stocks + Acquis, moins cessions objets valeur (OPP52+OPP53)"
"STO";"Opération comptable";"D91";"Impôts en capital"
"STO";"Opération comptable";"CONTRIB_PIB_P3";"Contribution à l’évolution du PIB de la dépense de consommation finale"
"STO";"Opération comptable";"CONTRIB_PIB_P31";"Contribution à l’évolution du PIB de la dépense de consommation individuelle"
"STO";"Opération comptable";"CONTRIB_PIB_P32";"Contribution à l’évolution du PIB de la dépense de consommation collective"
"STO";"Opération comptable";"P5";"Formation brute de capital/Formation nette de capital"
"STO";"Opération comptable";"CONTRIB_PIB_P51G";"Contribution à l’évolution du PIB de la FBCF"
"STO";"Opération comptable";"CONTRIB_PIB_P52";"Contribution à l’évolution du PIB de la variation des stocks"
"STO";"Opération comptable";"CONTRIB_PIB_P53";"Contribution à l’évolution du PIB des acquisitions moins cessions d’objets de valeur"
"STO";"Opération comptable";"CONTRIB_PIB_P6";"Contribution à l’évolution du PIB du solde des exportations"
"STO";"Opération comptable";"CONTRIB_PIB_P7";"Contribution à l’évolution du PIB du solde des importations"
"STO";"Opération comptable";"DINT";"Total de la demande intérieure en produits"
"STO";"Opération comptable";"DINT_S";"Demande intérieure hors stocks"
"STO";"Opération comptable";"TFU";"Total des emplois finaux"
"STO";"Opération comptable";"TSBP";"Total ressources prix de base"
"STO";"Opération comptable";"D12";"Cotisations sociales à la charge des employeurs"
"STO";"Opération comptable";"D2X3";"Impôts sur production et importations, moins subventions (D2+D3)"
"STO";"Opération comptable";"_PIB_HABITANT";"PIB par habitant"
"STO";"Opération comptable";"CONTRIB_PIB_B1GQ";"Variation du PIB"
"STO";"Opération comptable";"_RNB_REEL";"Revenu national brut en termes réels"
"STO";"Opération comptable";"CONTRIB_PIB_B11";"Contribution à l’évolution du PIB du solde des échanges extérieurs"
"STO";"Opération comptable";"_RNB_REEL_HABITANT";"Revenu national brut en termes réels par habitant"
"STO";"Opération comptable";"KA_P5";"Formation brute de capital/Formation nette de capital en autres changements de volume et ajustements"
"STO";"Opération comptable";"K7_P5";"Formation brute de capital/Formation nette de capital en gains/pertes nominaux de détention"
"STO";"Opération comptable";"K7_P51G";"Formation brute de capital fixe en gains/pertes nominaux de détention"
"STO";"Opération comptable";"KA_P52";"Variation des stocks en autres changements de volume et ajustements"
"STO";"Opération comptable";"K7_P52";"Variation des stocks en gains/pertes nominaux de détention"
"STO";"Opération comptable";"K7_P53";"Acquisitions moins cessions d’objets de valeur en gains/pertes nominaux de détention"
"STO";"Opération comptable";"LE";"Clôture du bilan/positions/flux"
"STO";"Opération comptable";"POP";"Population"
"STO";"Opération comptable";"POPM";"Moyenne annuelle de la population en France métropolitaine"
"STO";"Opération comptable";"MENF";"Moyenne annuelle du nombre de ménages en France entière"
"STO";"Opération comptable";"MENM";"Moyenne annuelle du nombre de ménages en France métropolitaine"
"STO";"Opération comptable";"UC";"Unités de consommation"
"STO";"Opération comptable";"_PAM";"Pouvoir d’achat du rdb des ménages"
"STO";"Opération comptable";"_PAA";"Pouvoir d’achat du rdb arbitrable des ménages"
"STO";"Opération comptable";"P5K";"Autres acquisitions moins cessions d’actifs non financiers"
"STO";"Opération comptable";"RSS";"Revenus salariaux et sociaux"
"STO";"Opération comptable";"D11X613CE";"Salaires et traitements nets"
"STO";"Opération comptable";"D4";"Revenus de la propriété"
"STO";"Opération comptable";"D5";"Impôts courants sur le revenu, le patrimoine, etc."
"STO";"Opération comptable";"D61";"Cotisations sociales nettes"
"STO";"Opération comptable";"D613CE";"Cotisations sociales effectives obligatoires à la charge des salariés"
"STO";"Opération comptable";"D613NSI";"Cotisations des non salariés"
"STO";"Opération comptable";"D62";"Prestations sociales autres que transferts sociaux en nature"
"STO";"Opération comptable";"D63";"Transferts sociaux en nature"
"STO";"Opération comptable";"D7";"Autres transferts courants"
"STO";"Opération comptable";"D9P";"Transferts en capital à payer"
"STO";"Opération comptable";"D9R";"Transferts en capital à recevoir"
"STO";"Opération comptable";"P3_DPE";"Dépense de consommation finale pré-engagée"
"STO";"Opération comptable";"P3_H_DPE";"Dépense de consommation finale autre que pré-engagée"
"STO";"Opération comptable";"TSF";"Solde des transferts sociaux et fiscaux"
"STO";"Opération comptable";"B5G";"Solde brut des revenus primaires"
"STO";"Opération comptable";"B6G";"Revenu disponible brut"
"STO";"Opération comptable";"B7G";"Revenu disponible brut ajusté"
"STO";"Opération comptable";"B8G";"Épargne brute"
"STO";"Opération comptable";"_TEM";"Taux d’épargne des ménages"
"STO";"Opération comptable";"_TEFM";"Taux d’épargne financière des ménages"
"STO";"Opération comptable";"D9PXR";"Transferts en capital reçus diminués des transferts versés"
"STO";"Opération comptable";"D4NET";"Revenus de la propriété reçus diminués des revenus versés"
"STO";"Opération comptable";"RARBI";"Revenu disponible arbitrable"
"STO";"Opération comptable";"TRANSF_COURANT";"Solde des transferts courants (reçus moins versés)"
"STO";"Opération comptable";"_PAA_UC";"Pouvoir d’achat du rdb arbitrable par unité de consommation"
"STO";"Opération comptable";"_PAA_MENAGE";"Pouvoir d’achat du rdb arbitrable par ménage"
"STO";"Opération comptable";"_PAA_PERSONNE";"Pouvoir d’achat du rdb arbitrable par personne"
"STO";"Opération comptable";"_PAM_MENAGE";"Pouvoir d’achat du rdb par ménage"
"STO";"Opération comptable";"_PAM_PERSONNE";"Pouvoir d’achat du rdb par personne"
"STO";"Opération comptable";"_PAM_UC";"Pouvoir d’achat du rdb par unité de consommation"
"STO";"Opération comptable";"P311";"Dépense de consommation individuelle Biens durables"
"STO";"Opération comptable";"P312";"Dépense de consommation individuelle Biens semi-durables"
"STO";"Opération comptable";"P313";"Dépense de consommation individuelle Biens non durables"
"STO";"Opération comptable";"P314";"Dépense de consommation individuelle Services"
"STO";"Opération comptable";"P31K";"Dépense de consommation individuelle Total hors biens durables"
"STO";"Opération comptable";"P41";"Consommation individuelle effective"
"STO";"Opération comptable";"P61";"Exportations de biens"
"STO";"Opération comptable";"P62";"Exportation de services"
"STO";"Opération comptable";"P71";"Importations de biens"
"STO";"Opération comptable";"P72";"Importations de services"
"STO";"Opération comptable";"D21X31";"Impôts moins subventions sur les produits (D21+D31)"
"STO";"Opération comptable";"P51C";"Consommation de capital fixe"
"STO";"Opération comptable";"D29X39";"Autres impôts sur la production moins autres subventions sur la production"
"STO";"Opération comptable";"B2A3N";"Excédent d’exploitation/revenu mixte net de CCF"
"STO";"Opération comptable";"P11";"Production marchande"
"STO";"Opération comptable";"P12";"Production pour usage final propre"
"STO";"Opération comptable";"P13";"Production non marchande"
"STO";"Opération comptable";"NP";"Acquisitions moins cessions d’actifs non produits"
"STO";"Opération comptable";"D211";"Taxes de type TVA"
"STO";"Opération comptable";"D212";"Impôts et droits sur les importations, à l’exclusion de la TVA"
"STO";"Opération comptable";"D214";"Impôts sur les produits, à l‘exclusion de la TVA et des impôts sur les importations"
"STO";"Opération comptable";"D391";"Subventions sur rémunérations"
"STO";"Opération comptable";"D392";"Bonifications d’intérêts"
"STO";"Opération comptable";"D399";"Autres subventions d’exploitation"
"STO";"Opération comptable";"D41";"Intérêts"
"STO";"Opération comptable";"D42";"Revenus distribués des sociétés"
"STO";"Opération comptable";"D421";"Dividendes"
"STO";"Opération comptable";"D422";"Prélèvements sur les revenus des quasi-sociétés"
"STO";"Opération comptable";"D43";"Bénéfices réinvestis d’investissements directs étrangers"
"STO";"Opération comptable";"D44";"Revenus d’investissements"
"STO";"Opération comptable";"D45";"Loyers"
"STO";"Opération comptable";"D51";"Impôts sur le revenu"
"STO";"Opération comptable";"D59";"Autres impôts courants"
"STO";"Opération comptable";"D611";"Cotisations sociales effectives à la charge des employeurs"
"STO";"Opération comptable";"D612";"Cotisations sociales imputées à la charge des employeurs"
"STO";"Opération comptable";"D613";"Cotisations sociales effectives à la charge des ménages"
"STO";"Opération comptable";"D613CS";"Cotisations sociales effectives à la charge des travailleurs indépendants"
"STO";"Opération comptable";"D614";"Suppléments de cotisations sociales à la charge des ménages"
"STO";"Opération comptable";"D61SC";"Rémunération du service des régimes d’assurance sociale"
"STO";"Opération comptable";"D621";"Prestations de sécurité sociale en espèces"
"STO";"Opération comptable";"D622";"Autres prestations d’assurance sociale"
"STO";"Opération comptable";"D623";"Prestations d’assurance sociale en espèces"
"STO";"Opération comptable";"D631";"Transferts sociaux en nature – production non marchande"
"STO";"Opération comptable";"D632";"Transferts sociaux en nature – production marchande achetée"
"STO";"Opération comptable";"D7S";"Autres transferts courants (voir note)"
"STO";"Opération comptable";"D71";"Primes nettes d’assurance-dommages"
"STO";"Opération comptable";"D72";"Indemnités d’assurance-dommages"
"STO";"Opération comptable";"D73";"Transferts courants entre administrations publiques"
"STO";"Opération comptable";"D731";"Transferts courants entre sous-secteurs des apu"
"STO";"Opération comptable";"D74";"Coopération internationale courante"
"STO";"Opération comptable";"D732";"Transferts courants internes aux sous-secteurs des apu"
"STO";"Opération comptable";"D733";"Transferts de recettes fiscales"
"STO";"Opération comptable";"D73S";"Transferts courants entre administrations publiques (solde) (voir note)"
"STO";"Opération comptable";"D75";"Transferts courants divers"
"STO";"Opération comptable";"D751";"Transferts courants aux ISBLSM"
"STO";"Opération comptable";"D752";"Transferts courants entre ménages"
"STO";"Opération comptable";"D759";"Autres transferts courants divers"
"STO";"Opération comptable";"D76";"Ressources propres de l’UE fondées sur la TVA et le RNB"
"STO";"Opération comptable";"D8";"Ajustement pour variation des droits à pension"
"STO";"Opération comptable";"D91P";"Impôts en capital à payer"
"STO";"Opération comptable";"D91R";"Impôts en capital à recevoir"
"STO";"Opération comptable";"D92P";"Aides à l’investissement à payer"
"STO";"Opération comptable";"D92R";"Aides à l’investissement à recevoir"
"STO";"Opération comptable";"D99P";"Autres transferts en capital à payer"
"STO";"Opération comptable";"D99R";"Autres transferts en capital à recevoir"
"STO";"Opération comptable";"B1N";"Valeur ajoutée nette de CCF"
"STO";"Opération comptable";"B2N";"Excédent d’exploitation net de CCF"
"STO";"Opération comptable";"B3N";"Revenu mixte net de CCF"
"STO";"Opération comptable";"B5N";"Solde des revenus primaires net de CCF"
"STO";"Opération comptable";"B6N";"Revenu disponible net de CCF"
"STO";"Opération comptable";"B7N";"Revenu disponible ajusté net de CCF"
"STO";"Opération comptable";"B8N";"Épargne brute net de CCF"
"STO";"Opération comptable";"B12";"Solde des opérations courantes avec l’extérieur"
"STO";"Opération comptable";"YA2";"Divergence statistique"
"STO";"Opération comptable";"YA1";"Divergence statistique (approche par la production)"
"STO";"Opération comptable";"YA0";"Divergence statistique (approche par les dépenses)"
"STO";"Opération comptable";"P62F";"Exportation de SIFIM"
"STO";"Opération comptable";"P72F";"Importations de SIFIM"
"STO";"Opération comptable";"D2121";"Droits sur les importations"
"STO";"Opération comptable";"D2122";"Impôts sur les importations, à l’exclusion de la TVA et des droits sur les importations"
"STO";"Opération comptable";"D41G";"Intérêts bruts de correction SIFIM"
"STO";"Opération comptable";"D441";"Revenus d’investissements attribués aux assurés"
"STO";"Opération comptable";"D442";"Revenus d’investissements à payer sur les droits de pension"
"STO";"Opération comptable";"D443";"Revenus d’investissements attribués aux détenteurs de parts de fonds d’investissement"
"STO";"Opération comptable";"D6";"Cotisations et prestations sociales"
"STO";"Opération comptable";"D613CN";"Cotisations sociales effectives à la charge des personnes n’occupant pas un emploi"
"STO";"Opération comptable";"D613V";"Cotisations sociales effectives volontaires des ménages"
"STO";"Opération comptable";"D92";"Aides à l’investissement"
"STO";"Opération comptable";"D99";"Autres transferts en capital"
"STO";"Opération comptable";"ODA";"Total des recettes fiscales"
"STO";"Opération comptable";"ODB";"Produit total des impôts et cotisations sociales après déduction des montants dus non recouvrables"
"STO";"Opération comptable";"ODD";"Charge fiscale = produit total des impôts et cotisations sociales obligatoires après déduction des montants dus non recouvrables"
"STO";"Opération comptable";"B1NQ";"Produit intérieur net de CCF"
"STO";"Opération comptable";"ODC";"Produit total des impôts et cotisations sociales nettes (y compris cotisations sociales imputées) après déduction des montants dus non recouvrables"
"STO";"Opération comptable";"B4G";"Revenu d’entreprise brut"
"STO";"Opération comptable";"B5NQ";"Revenu national net"
"STO";"Opération comptable";"B9FX9";"Écart entre capacité ou besoin de financement et solde des flux nets d’actifs et passifs financiers (B9NF – B9F)"
"STO";"Opération comptable";"B101";"Variations de la valeur nette due à l’épargne et aux transferts de capital"
"STO";"Opération comptable";"B102";"Variation valeur nette dues aux changements de volume et ajustement"
"STO";"Opération comptable";"B103";"Variation valeur nette dues aux réévaluations"
"STO";"Opération comptable";"_COEFF_TECHNIQUE";"Coefficient technique"
"STO";"Opération comptable";"OTTM1";"Marges de commerce"
"STO";"Opération comptable";"OTTM2";"Marges de transport"
"STO";"Opération comptable";"TSPP";"Total ressources prix d’acquisition"
"STO";"Opération comptable";"D51M";"Impôts sur le revenu des personnes physiques ou des ménages, y compris les gains de détention (D51a + D51c1)"
"STO";"Opération comptable";"D51O";"Impôts sur le revenu ou les bénéfices des sociétés, y compris les gains de détention (D51b + D51c2)"
"STO";"Opération comptable";"D995";"Transferts en capital pour admissions en non valeur"
"STO";"Opération comptable";"_MA_PPIB";"Déficit au sens de Maastricht en points de PIB"
"STO";"Opération comptable";"MA";"Déficit au sens de Maastricht"
"STO";"Opération comptable";"P12_GFSM_D1";"Production pour usage final propre, coût imputable à la rémunération des salariés (finalité GFSM)"
"STO";"Opération comptable";"P12_GFSM_P2";"Production pour usage final propre, coût imputable à la consommation intermédiaire (finalité GFSM)"
"STO";"Opération comptable";"P12_GFSM_P51C";"Production pour usage final propre, coût imputable à la consommation de capital fixe (finalité GFSM)"
"STO";"Opération comptable";"TC";"Partie des crédits d’impôts qui excède les créances des contribuables"
"STO";"Opération comptable";"D31P";"Subventions sur les produits à payer"
"STO";"Opération comptable";"PTC";"Total des crédits d’impôts à payer"
"STO";"Opération comptable";"D6M";"Prestations sociales en espèces et en nature de produits marchands"
"STO";"Opération comptable";"P5L";"Acquisition nette d’actifs non financiers"
"STO";"Opération comptable";"D39P";"Autres subventions sur la production à payer"
"STO";"Opération comptable";"D3P";"Subventions à payer (signe positif, pour la déclaration dans la présentation des SFP)"
"STO";"Opération comptable";"D39R";"Autres subventions sur la production à recevoir"
"STO";"Opération comptable";"D2122B";"Montants compensatoires monétaires prélevés a l’importation"
"STO";"Opération comptable";"D2122C";"Droits d’accise"
"STO";"Opération comptable";"D214A";"Droits d’accise et taxes à la consommation"
"STO";"Opération comptable";"D214B";"Droits de timbre"
"STO";"Opération comptable";"D214C";"Impôts sur les opérations financières et les opérations en capital"
"STO";"Opération comptable";"D214D";"Taxe sur les certificats d’immatriculation des véhicules"
"STO";"Opération comptable";"D214E";"Taxes sur les spectacles et divertissements"
"STO";"Opération comptable";"D214F";"Taxes sur les loteries, les jeux et les paris"
"STO";"Opération comptable";"D214G";"Taxes sur les primes d’assurance"
"STO";"Opération comptable";"D214H";"Autres impôts sur des services détermines"
"STO";"Opération comptable";"D214I";"Impôts généraux sur les ventes ou le chiffre d’affaires"
"STO";"Opération comptable";"D214L";"Autres impôts sur les produits n,c,a,"
"STO";"Opération comptable";"D29A";"Impôts fonciers, impôts immobiliers ou impôts sur d’autres structures"
"STO";"Opération comptable";"D29B";"Impôts sur l’utilisation d’actifs fixes"
"STO";"Opération comptable";"D29C";"Total des impôts sur la masse salariale"
"STO";"Opération comptable";"D29E";"Patentes et licences"
"STO";"Opération comptable";"D29F";"Impôts sur la pollution"
"STO";"Opération comptable";"D29H";"Autres impôts nets sur la production n,c,a,"
"STO";"Opération comptable";"D51A";"Impôts sur le revenu des personnes physiques ou des ménages, a l’exclusion des gains de détention"
"STO";"Opération comptable";"D51B";"Impôts sur le revenu ou les bénéfices des sociétés a l’exclusion des gains de détention"
"STO";"Opération comptable";"D51E";"Autres impôts sur le revenu n,c,a,"
"STO";"Opération comptable";"D59A";"Impôts courants sur le capital"
"STO";"Opération comptable";"D59D";"Paiements effectués par les ménages en vue de l’obtention de licences"
"STO";"Opération comptable";"D59F";"Autres impôts courants n,c,a,"
"STO";"Opération comptable";"D611C";"Cotisations sociales effectives obligatoires à la charge des employeurs"
"STO";"Opération comptable";"D613C";"Cotisations sociales effectives obligatoires à la charge des ménages"
"STO";"Opération comptable";"D9";"Transferts en capital"
"STO";"Opération comptable";"D91A";"Impôts sur les transferts en capital"
"STO";"Opération comptable";"D91B";"Prélèvements sur le capital"
"STO";"Opération comptable";"D91C";"Autres impôts en capital n,c,a,"
"STO";"Opération comptable";"D995A";"Impôts sur les produits dus non recouvrables"
"STO";"Opération comptable";"D995B";"Autres impôts sur la production dus non recouvrables"
"STO";"Opération comptable";"D995C";"Impôts sur le revenu dus non recouvrables"
"STO";"Opération comptable";"D995D";"Autres impôts courants dus non recouvrables "
"STO";"Opération comptable";"D995E";"Cotisations sociales effectives à la charge des employeurs dues non recouvrables"
"STO";"Opération comptable";"D995FE";"Cotisations sociales effectives à la charge des salariés dues non recouvrables"
"STO";"Opération comptable";"D995FN";"Cotisations sociales effectives a la charge des non employés dues non recouvrables"
"STO";"Opération comptable";"D995FS";"Cotisations sociales effectives à la charge des travailleurs indépendants dues non recouvrable"
"STO";"Opération comptable";"D995F";"Cotisations sociales effectives à la charge des ménages dues non recouvrables"
"STO";"Opération comptable";"OED";"Autres impôts sur la production + impôts courants sur le revenu, le patrimoine, etc, + ajustement pour variations des droits à pension"
"STO";"Opération comptable";"OEC";"Consommation intermédiaire + autres impôts sur la production + impôts courants sur le revenu, le patrimoine, etc, + ajustement pour variations des droits à pension"
"STO";"Opération comptable";"B9F";"Solde des flux nets d’actifs et passifs financiers"
"TIME_PERIOD";"Période temporelle";"2023";"2023"
"TIME_PERIOD";"Période temporelle";"2022";"2022"
"TIME_PERIOD";"Période temporelle";"2021";"2021"
"TIME_PERIOD";"Période temporelle";"2020";"2020"
"TIME_PERIOD";"Période temporelle";"1981";"1981"
"TIME_PERIOD";"Période temporelle";"1980";"1980"
"TIME_PERIOD";"Période temporelle";"1979";"1979"
"TIME_PERIOD";"Période temporelle";"1978";"1978"
"TIME_PERIOD";"Période temporelle";"1977";"1977"
"TIME_PERIOD";"Période temporelle";"1976";"1976"
"TIME_PERIOD";"Période temporelle";"1975";"1975"
"TIME_PERIOD";"Période temporelle";"2019";"2019"
"TIME_PERIOD";"Période temporelle";"1974";"1974"
"TIME_PERIOD";"Période temporelle";"2018";"2018"
"TIME_PERIOD";"Période temporelle";"1973";"1973"
"TIME_PERIOD";"Période temporelle";"1972";"1972"
"TIME_PERIOD";"Période temporelle";"1971";"1971"
"TIME_PERIOD";"Période temporelle";"2017";"2017"
"TIME_PERIOD";"Période temporelle";"2016";"2016"
"TIME_PERIOD";"Période temporelle";"1970";"1970"
"TIME_PERIOD";"Période temporelle";"1969";"1969"
"TIME_PERIOD";"Période temporelle";"2015";"2015"
"TIME_PERIOD";"Période temporelle";"1968";"1968"
"TIME_PERIOD";"Période temporelle";"1967";"1967"
"TIME_PERIOD";"Période temporelle";"2014";"2014"
"TIME_PERIOD";"Période temporelle";"1966";"1966"
"TIME_PERIOD";"Période temporelle";"1965";"1965"
"TIME_PERIOD";"Période temporelle";"2013";"2013"
"TIME_PERIOD";"Période temporelle";"1964";"1964"
"TIME_PERIOD";"Période temporelle";"2012";"2012"
"TIME_PERIOD";"Période temporelle";"1963";"1963"
"TIME_PERIOD";"Période temporelle";"1962";"1962"
"TIME_PERIOD";"Période temporelle";"2011";"2011"
"TIME_PERIOD";"Période temporelle";"1961";"1961"
"TIME_PERIOD";"Période temporelle";"2010";"2010"
"TIME_PERIOD";"Période temporelle";"1960";"1960"
"TIME_PERIOD";"Période temporelle";"1959";"1959"
"TIME_PERIOD";"Période temporelle";"1958";"1958"
"TIME_PERIOD";"Période temporelle";"1957";"1957"
"TIME_PERIOD";"Période temporelle";"1956";"1956"
"TIME_PERIOD";"Période temporelle";"1955";"1955"
"TIME_PERIOD";"Période temporelle";"1954";"1954"
"TIME_PERIOD";"Période temporelle";"1953";"1953"
"TIME_PERIOD";"Période temporelle";"2009";"2009"
"TIME_PERIOD";"Période temporelle";"2008";"2008"
"TIME_PERIOD";"Période temporelle";"2007";"2007"
"TIME_PERIOD";"Période temporelle";"2006";"2006"
"TIME_PERIOD";"Période temporelle";"2005";"2005"
"TIME_PERIOD";"Période temporelle";"2004";"2004"
"TIME_PERIOD";"Période temporelle";"2003";"2003"
"TIME_PERIOD";"Période temporelle";"2002";"2002"
"TIME_PERIOD";"Période temporelle";"2001";"2001"
"TIME_PERIOD";"Période temporelle";"2000";"2000"
"TIME_PERIOD";"Période temporelle";"1999";"1999"
"TIME_PERIOD";"Période temporelle";"1952";"1952"
"TIME_PERIOD";"Période temporelle";"1998";"1998"
"TIME_PERIOD";"Période temporelle";"1951";"1951"
"TIME_PERIOD";"Période temporelle";"1950";"1950"
"TIME_PERIOD";"Période temporelle";"1997";"1997"
"TIME_PERIOD";"Période temporelle";"1996";"1996"
"TIME_PERIOD";"Période temporelle";"1995";"1995"
"TIME_PERIOD";"Période temporelle";"1994";"1994"
"TIME_PERIOD";"Période temporelle";"1993";"1993"
"TIME_PERIOD";"Période temporelle";"1992";"1992"
"TIME_PERIOD";"Période temporelle";"1991";"1991"
"TIME_PERIOD";"Période temporelle";"1990";"1990"
"TIME_PERIOD";"Période temporelle";"1989";"1989"
"TIME_PERIOD";"Période temporelle";"1988";"1988"
"TIME_PERIOD";"Période temporelle";"1987";"1987"
"TIME_PERIOD";"Période temporelle";"1986";"1986"
"TIME_PERIOD";"Période temporelle";"1985";"1985"
"TIME_PERIOD";"Période temporelle";"1984";"1984"
"TIME_PERIOD";"Période temporelle";"1983";"1983"
"TIME_PERIOD";"Période temporelle";"1982";"1982"
"TIME_PERIOD";"Période temporelle";"1949";"1949"
"TIME_PERIOD";"Période temporelle";"2024";"2024"
"TRANSFORMATION";"Transformation chronologique";"N";"Aucune"
"TRANSFORMATION";"Transformation chronologique";"GY_IX";"Croissance annuelle de l’indice"
"TRANSFORMATION";"Transformation chronologique";"GY";"Croissance annuelle "
"TRANSFORMATION";"Transformation chronologique";"GR_IX";"Evolution de l’indice en base 100 sur l’année de référence"
"TRANSFORMATION";"Transformation chronologique";"DY";"Ecart annuel "
"UNIT_MEASURE";"Unité de mesure";"XDC";"Devise nationale (Euros)"
"UNIT_MEASURE";"Unité de mesure";"IX";"Indice"
"UNIT_MEASURE";"Unité de mesure";"PT";"Pourcentage"
"UNIT_MEASURE";"Unité de mesure";"PS";"Personnes"
"UNIT_MEASURE";"Unité de mesure";"FT";"Équivalent temps plein"
"UNIT_MEASURE";"Unité de mesure";"HW";"Heures travaillées"
"UNIT_MEASURE";"Unité de mesure";"DAT";"Durée annuelle travaillée"
"UNIT_MEASURE";"Unité de mesure";"_Z";"Nombre"
"UNIT_MULT";"Quantité d'unités (en puissance de 10)";"6";"Millions"
"UNIT_MULT";"Quantité d'unités (en puissance de 10)";"0";"Unités"
"UNIT_MULT";"Quantité d'unités (en puissance de 10)";"3";"Milliers"